address,label,category,source
TKHuVq1oKVruCGLvqVexFs6dawKv6fQgFs,Tether Treasury,treasury,tronscan_top_holders
TDqSquXBgUCLYvYC4XZgrprLK589dkhSCf,Binance-Hot 7,exchange,tronscan_top_holders
TXFBqBbqJommqZf7BV8NNYzePh97UmJodJ,Bitfinex,exchange,tronscan_top_holders
TLaGjwhvA8XQYSxFAcAXy7Dvuue9eGYitv,OKX Hot Wallet 8,exchange,tronscan_top_holders
TU4vEruvZwLLkSfV9bNw12EJTPvNr7Pvaa,Bybit,exchange,tronscan_top_holders
TG2CMGxnTPgQ6V58kiKd7wbyN8ewtAmY76,Kraken: Hot Wallet,exchange,tronscan_top_holders
TQrY8tryqsYVCYS3MFbtffiPp2ccyn4STm,Binance 2,exchange,tronscan_top_holders
TJ5usJLLwjwn7Pw3TPbdzreG7dvgKzfQ5y,Binance-Hot 9,exchange,tronscan_top_holders
TYASr5UV6HEcXatwdFQfmLVUqQQQMUxHLS,Binance-Hot 3,exchange,tronscan_top_holders
TK4ykR48cQQoyFcZ5N4xZCbsBaHcg6n3gJ,Binance-Hot 8,exchange,tronscan_top_holders
TCLgK89AnXbC9rewvhNb9UgXCc2qJJpBXh,Binance-Hot 10,exchange,tronscan_top_holders
TJqwA7SoZnERE4zW5uDEiPkbz4B66h9TFj,Binance-Hot 11,exchange,tronscan_top_holders
TJDENsfBJs4RFETt1X1W8wMDc8M5XnJhCe,Binance-Hot 6,exchange,tronscan_top_holders
TAzsQ9Gx8eqFNFSKbeXrbi45CuVPHzA8wr,Binance-Hot 5,exchange,tronscan_top_holders
TNXoiAJ3dct8Fjg4M9fkLFh9S2v9TXc32G,Binance-Hot 4,exchange,tronscan_top_holders
TUpHuDkiCCmwaTZBHZvQdwWzGNm5t8J2b9,Kucoin 4,exchange,tronscan_top_holders
TJ7hhYhVhaxNx6BPyq7yFpqZrQULL3JSdb,Bitget 9,exchange,tronscan_top_holders
TB37WWozkkenGVYWD7Do2N5WT2CedqDktJ,MXC 2,exchange,tronscan_top_holders
TBA6CypYJizwA9XdC7Ubgc5F1bxrQ7SqPt,Gate,exchange,tronscan_top_holders
TP1V18T1UvFMA2RtFzLfa6n4BGkygHtWHZ,Bithumb Exchange Hot Wallet,unknown,tronscan_top_holders
TK8v6HPniRKYixj6Egby712nr5R3xrYYCT,SunX: VaultColdWallet 2,unknown,tronscan_top_holders
TEPSrSYPDSQ7yXpMFPq91Fb1QEWpMkRGfn,MXC,exchange,tronscan_top_holders
TDoyjmPJHzRFmYfCRLRsPhKjLETwd9fKr9,Coinone,unknown,tronscan_top_holders
TK1U4Hym23Jz9fP3p8oker4A8VQdoq88Ms,KuCoin 10,exchange,tronscan_top_holders
TJP6zoGwWwUmANvMdrtqYq9iWA8qMAAY4q,OURBIT Exchange Reserves,unknown,tronscan_top_holders
TR7NHqjeKQxGTCi8q8ZY4pL8otSzgjLj6t,TetherToken,token_contract,tronscan_account
TNiq9AXBp9EjUqhDhrwrfvAA8U3GUQZH81,OFAC_SANCTIONED,sanctioned,ofac_sdn_tron
TTiDLWE6fZK8okMJv6ijg42yrH6W2pjSr9,OFAC_SANCTIONED,sanctioned,ofac_sdn_tron
TAhwhFv3JpK39Nc2m8W5LPCcoTisutiRfp,OFAC_SANCTIONED,sanctioned,ofac_sdn_tron
TJdgB1k6ot3f2nLuZug6D8eD3HavTmzmSK,OFAC_SANCTIONED,sanctioned,ofac_sdn_tron
TXGHxdYbGy574z5hBu4LNzq9NzjZQ9bhUf,OFAC_SANCTIONED,sanctioned,ofac_sdn_tron
TFQbqaNbmq2xsVor2NbufLkYZvxFC9wC7k,OFAC_SANCTIONED,sanctioned,ofac_sdn_tron
TUoixKFaWVsHxGWgnYyMzpkrT22YqU7VvH,OFAC_SANCTIONED,sanctioned,ofac_sdn_tron
TBtRqkiFzyuwe8nSAGQghxygAfwAF5eERq,OFAC_SANCTIONED,sanctioned,ofac_sdn_tron
TTs7KRq39547ruAsxb9brAPuTLy7h3U6H1,OFAC_SANCTIONED,sanctioned,ofac_sdn_tron
TVttWTHTCU9kULP51m9BaHpmCW8H1BJJNQ,OFAC_SANCTIONED,sanctioned,ofac_sdn_tron
TCqKhk7MpPnGH3UfygE1TRzUo92a5tuVy6,OFAC_SANCTIONED,sanctioned,ofac_sdn_tron
TSbGiFzG9xFXUYgGA6RwbS3jvKNpeA4c3R,OFAC_SANCTIONED,sanctioned,ofac_sdn_tron
TVXHp8bMrpRd5HGy3w1yu9f87qwRrMHFp8,OFAC_SANCTIONED,sanctioned,ofac_sdn_tron
TQ8a74SiDig3EDSC14tosLACWLbvaNYwCJ,OFAC_SANCTIONED,sanctioned,ofac_sdn_tron
TWdqVcA3NyrNv71NgbMwKv3C5XMxj4XjSp,OFAC_SANCTIONED,sanctioned,ofac_sdn_tron
TX1zyMrYZNbtQx7yPZp4adZV5NbToGNrkS,OFAC_SANCTIONED,sanctioned,ofac_sdn_tron
TSSQDgExKUELagzAKTAcoLMviq4SZ1eTFm,OFAC_SANCTIONED,sanctioned,ofac_sdn_tron
TUfq9hfP7qUDMoJbzkjG4GPtNxhZewqk8Z,OFAC_SANCTIONED,sanctioned,ofac_sdn_tron
TCEe3McjK9FWby8YsNmtRDwJt1x2s5dFTL,OFAC_SANCTIONED,sanctioned,ofac_sdn_tron
TBJqexr1FfGxVKhDsKeou6FVLBW1aS1Ny7,OFAC_SANCTIONED,sanctioned,ofac_sdn_tron
TV6cvFEMcfxGsWqgxpBrXZ35MkhdtdhT3G,OFAC_SANCTIONED,sanctioned,ofac_sdn_tron
THfLaNMBAMz7xXnHoz5BkRMmrwuHKqfAfR,OFAC_SANCTIONED,sanctioned,ofac_sdn_tron
TCudJgJ14kk3Ss2PEgsT15frztKpyG7HEh,OFAC_SANCTIONED,sanctioned,ofac_sdn_tron
TCk1g37N3x6PDda63waydNQwqTUzFNpsrR,OFAC_SANCTIONED,sanctioned,ofac_sdn_tron
TU8hJXgHdxWuj4DaaBKQFUwDeB8B5Xacke,OFAC_SANCTIONED,sanctioned,ofac_sdn_tron
TL5WqcFX7XkhVLLwaXrdr57gnjC4stBeSG,OFAC_SANCTIONED,sanctioned,ofac_sdn_tron
TSFCGGbR57b56c4MXdiW5gzpD8j6cmimgo,OFAC_SANCTIONED,sanctioned,ofac_sdn_tron
TXHb3BkGgYmygyS14MJKX8kTcFGT7dXN4r,OFAC_SANCTIONED,sanctioned,ofac_sdn_tron
TN56YaCBymut2xoiRvy3v2qZ2pYgmBAtSo,OFAC_SANCTIONED,sanctioned,ofac_sdn_tron
TPnUDsrLYZg1UXGkpXSmhFEY5J5etfzE9S,OFAC_SANCTIONED,sanctioned,ofac_sdn_tron
TVXP7Aj5KFUPKMQUrsU6F3wUsyiLiUaUje,OFAC_SANCTIONED,sanctioned,ofac_sdn_tron
TDxXXmCELgrb5VwYobDMyTKVTTdY9LjEjx,OFAC_SANCTIONED,sanctioned,ofac_sdn_tron
TXoVNrqm11FFVKcF1vEND64gibVkr1HwAR,OFAC_SANCTIONED,sanctioned,ofac_sdn_tron
TEKeY9i4CcVySJMmhuh2AxZhtgTmugYUMW,OFAC_SANCTIONED,sanctioned,ofac_sdn_tron
TW9mABkenngQyJBqce5khR9fNCBF5gsBFQ,OFAC_SANCTIONED,sanctioned,ofac_sdn_tron
TWumrtaEaPCv8Bs9mXqKkhY5sZVd78QAdS,OFAC_SANCTIONED,sanctioned,ofac_sdn_tron
TD7TXyvmjPfJkfhJuQ58NXA9dX9q81mqAp,OFAC_SANCTIONED,sanctioned,ofac_sdn_tron
TEtLieZwyjJTth7S5EJqUNjtSbM1ui9toK,OFAC_SANCTIONED,sanctioned,ofac_sdn_tron
TS729BUXeZWBhJGPKCdK75q7VU4nhkJkYT,OFAC_SANCTIONED,sanctioned,ofac_sdn_tron
TER8k4zWt3byuHyvyBkLstz3QVUUuBs9pt,OFAC_SANCTIONED,sanctioned,ofac_sdn_tron
TByksCkUtMaYwHCSaetmAGufpeyfdXBrJk,OFAC_SANCTIONED,sanctioned,ofac_sdn_tron
TNmKrdYLPtFwPNWJUjrXdkQw4gSwpszUJd,OFAC_SANCTIONED,sanctioned,ofac_sdn_tron
TTuDmNhu8A6koPJRUd8Q5RnsT1FMfrZnoj,OFAC_SANCTIONED,sanctioned,ofac_sdn_tron
TGLrjZc9c48iMFB4ZmDnSjSRMq27MXPg2k,OFAC_SANCTIONED,sanctioned,ofac_sdn_tron
TVgJTK9qPg7wGTyeTG2MYF8aKMEx883xYU,OFAC_SANCTIONED,sanctioned,ofac_sdn_tron
TPkNp2Z5KiA1sLWpPMWsfNErVo2dHxc4iy,OFAC_SANCTIONED,sanctioned,ofac_sdn_tron
TDSGtCciE9yFKYzDj1kBBc3F7gosguDqwC,OFAC_SANCTIONED,sanctioned,ofac_sdn_tron
TNVbVXAgUT83Sv7E9oZwWutXqzs13sr6xN,OFAC_SANCTIONED,sanctioned,ofac_sdn_tron
TAwNQN5tmzJJ694PPuoFUxQY13quBs8YgA,OFAC_SANCTIONED,sanctioned,ofac_sdn_tron
TGNwKzHjYvYP2SwsrmCYrRRvCRdxQgLq1w,OFAC_SANCTIONED,sanctioned,ofac_sdn_tron
TA3rH2A7iHnm6pKH8gr9cK1EZnShnmZdFg,OFAC_SANCTIONED,sanctioned,ofac_sdn_tron
TLj5ZRvem4DAdbZLTGU3qAbAdLQug57JVo,OFAC_SANCTIONED,sanctioned,ofac_sdn_tron
TMRxAJt87MVYnadWne53AxZFG1FPKGfoGz,OFAC_SANCTIONED,sanctioned,ofac_sdn_tron
TRmrnQiUY1ofMcTQUXvgeauKcZPnmwUeUR,OFAC_SANCTIONED,sanctioned,ofac_sdn_tron
TBKq3SzXigsGhQNzdCYocpt8RzoMh3uxAr,OFAC_SANCTIONED,sanctioned,ofac_sdn_tron
TYAiWf2KhXrGuWxmCPaJgC6zNYwFuKtioi,OFAC_SANCTIONED,sanctioned,ofac_sdn_tron
TYVveapkRkm5RHcDNPU9QnPk8N5RdsS4iY,OFAC_SANCTIONED,sanctioned,ofac_sdn_tron
TK7HUNru8YLMz7vv8kzWRPrE2ZSgZeCaHV,OFAC_SANCTIONED,sanctioned,ofac_sdn_tron
TAyyw6ZoTZexvTcN7WRR9t79JUFgSAvkL8,OFAC_SANCTIONED,sanctioned,ofac_sdn_tron
TJGVHmHVNuU1vsXGGALLoirPwoRZoMUuhg,OFAC_SANCTIONED,sanctioned,ofac_sdn_tron
TB1Bcv3x8mg7PVV4nVM48pgHJKcYboTypU,OFAC_SANCTIONED,sanctioned,ofac_sdn_tron
TWxoDF6qvjMUeTYRimaiARGsJTUnjrzZn3,OFAC_SANCTIONED,sanctioned,ofac_sdn_tron
TCXihiScsAodR942Xq45df9qQAdr5nhkjQ,OFAC_SANCTIONED,sanctioned,ofac_sdn_tron
TDhtVUnmYwWfzWVrnzryr3fbQo8VTvj4ji,OFAC_SANCTIONED,sanctioned,ofac_sdn_tron
TE6VgR7rAuY4kuzCjdSVCZFXPjjzSQYY7X,OFAC_SANCTIONED,sanctioned,ofac_sdn_tron
TV62LkiP1GiNdFCJEdY3xf6GdNLCCi6mfu,OFAC_SANCTIONED,sanctioned,ofac_sdn_tron
TWBqpQLDPCrXgRW1X9yFqR8NFfjyFSq5k4,OFAC_SANCTIONED,sanctioned,ofac_sdn_tron
TQetJ6xMqvv2Fu4ftD9UdBhuaKem5HbMou,OFAC_SANCTIONED,sanctioned,ofac_sdn_tron
TWAfC6htS1FyFv1r3aKENuD8DQGMzBbP8L,OFAC_SANCTIONED,sanctioned,ofac_sdn_tron
TMfDhpUqW5W6HcMPXFaJfaiY271CYa51Hs,OFAC_SANCTIONED,sanctioned,ofac_sdn_tron
TB5J8W166YTUmtpUsy4XnNTKLVtesuE9eV,OFAC_SANCTIONED,sanctioned,ofac_sdn_tron
TSE5NWTJckiN8hJCUzwB3RgsMbdF4uCrmr,OFAC_SANCTIONED,sanctioned,ofac_sdn_tron
TDi9s3GeAtFBbUvGxqXiZnxiaH9QpqjYFn,OFAC_SANCTIONED,sanctioned,ofac_sdn_tron
TCUTmWspsaJb3U5JUs5AhVcGwaftyK1qtp,OFAC_SANCTIONED,sanctioned,ofac_sdn_tron
TYvR9x3Dqx39s9rooaSAHwVwF8psBrcFBV,OFAC_SANCTIONED,sanctioned,ofac_sdn_tron
TUyo1Kfnnjr2iMQdZxLWPX1U8Xiy1Wz5z5,OFAC_SANCTIONED,sanctioned,ofac_sdn_tron
TBhR5MLrTsNZ8FUyKgzdrCjWkYD2orYLdx,OFAC_SANCTIONED,sanctioned,ofac_sdn_tron
THstQuwNidzC4YeJ7uPowf55ZdVZtGcHJ5,OFAC_SANCTIONED,sanctioned,ofac_sdn_tron
TKX6rgpGpGrJWzf1qXUUSNL5cYHQt7Z9rY,OFAC_SANCTIONED,sanctioned,ofac_sdn_tron
TWoRwYzsifrD79DHDpTHC8fq787MvH9Qro,OFAC_SANCTIONED,sanctioned,ofac_sdn_tron
TDHJNJHosn6xNDxMecFZwXyTzE9bYGXp9L,OFAC_SANCTIONED,sanctioned,ofac_sdn_tron
TQVZEuLHacexyJX3nZStaPzxceS63C9bax,OFAC_SANCTIONED,sanctioned,ofac_sdn_tron
TQb6Pc4PmfUdUokLq5ygNioj4PnodNak9b,OFAC_SANCTIONED,sanctioned,ofac_sdn_tron
TR3yiEuFrbBnP8X5DKYFjRxCwbxcYyftD4,OFAC_SANCTIONED,sanctioned,ofac_sdn_tron
TEBHpD6iiAqhyS4w7zZFmD1rrv65a5HVTD,OFAC_SANCTIONED,sanctioned,ofac_sdn_tron
TMocScwSbSn2cqRCHVkzZSEar3Jk5AsXgo,OFAC_SANCTIONED,sanctioned,ofac_sdn_tron
TNKyDgjn2WHZwHhH2Mj5AGMnK4moBX9xQd,OFAC_SANCTIONED,sanctioned,ofac_sdn_tron
TPcwqbJ3ViWMUQMiKfMjDM7VTiCzdRu1cH,OFAC_SANCTIONED,sanctioned,ofac_sdn_tron
TVJ4B5R8c8dS65NtUXpZPMGUpCRq8BQUrC,OFAC_SANCTIONED,sanctioned,ofac_sdn_tron
TAgZxxuvfuKYJY5UPC1DXF8NPHbKtTzEGu,OFAC_SANCTIONED,sanctioned,ofac_sdn_tron
TCyAE8Lxa1rmTThhE5Z3X95PC9rgMrReMX,OFAC_SANCTIONED,sanctioned,ofac_sdn_tron
TSi1d66cgg3cPm9L6c2ZD8K1381XusSjkc,OFAC_SANCTIONED,sanctioned,ofac_sdn_tron
TR83KsDjUKeds62PcAgo7BfhPJPSpMk7Ba,OFAC_SANCTIONED,sanctioned,ofac_sdn_tron
TDX3dFNPvJeA9eVLLNqf1ixr4U2ktcDmoD,OFAC_SANCTIONED,sanctioned,ofac_sdn_tron
TJCUwt9EKeTyzDw42658h8aYxQXScLdCZR,OFAC_SANCTIONED,sanctioned,ofac_sdn_tron
TETfViHWf9ZNB6WJgZBRMB48pTaBFo5Rmd,OFAC_SANCTIONED,sanctioned,ofac_sdn_tron
TBhTMBAaEWiTtMgMdJ97ZmYotgHeY543cc,OFAC_SANCTIONED,sanctioned,ofac_sdn_tron
TFebC149jCDiow1MBphhfpHDLeMAKRNrqJ,OFAC_SANCTIONED,sanctioned,ofac_sdn_tron
TXw4d7BseHBn6sneMUzm4nEdfPVjuJGEH9,OFAC_SANCTIONED,sanctioned,ofac_sdn_tron
TQt3dWHiPdaKioG7nwovoTDUtxfimyuxYa,OFAC_SANCTIONED,sanctioned,ofac_sdn_tron
TE5R3hJ6REap6vh14YAqjXczKrYaiteTy3,OFAC_SANCTIONED,sanctioned,ofac_sdn_tron
TCCryMcQb5A5FSYkmcVy26Nd8J1FWHtfWh,OFAC_SANCTIONED,sanctioned,ofac_sdn_tron
TLC3piEQ5n4tcULKHqLTGhmYFUyHUVSxck,OFAC_SANCTIONED,sanctioned,ofac_sdn_tron
TLDtPq9PQsDuQunME8CSeVdYaLtRdrVgoJ,OFAC_SANCTIONED,sanctioned,ofac_sdn_tron
TRqbVMHWck3j2vKzA16L69v3cwuoyQSY8L,OFAC_SANCTIONED,sanctioned,ofac_sdn_tron
TA82wQ77kb9DieW4C8q7C4KwMfnCzfziqN,OFAC_SANCTIONED,sanctioned,ofac_sdn_tron
TUcjuVB6RFvsMgE352Kdc3VHvFvteti97B,OFAC_SANCTIONED,sanctioned,ofac_sdn_tron
TBfVDwNS6hC2Ln2qTLTRKMMPddscFEhhrU,OFAC_SANCTIONED,sanctioned,ofac_sdn_tron
TC7vaJsxZteEEnnm2EFm9BRSZvezvsuA86,OFAC_SANCTIONED,sanctioned,ofac_sdn_tron
TRWDtgCfXzTcMv8W6iJxh6umeqeF3zG7n5,OFAC_SANCTIONED,sanctioned,ofac_sdn_tron
TUa7BcRjT3eT7kPyNWPvHQkz4qF9v68D7A,OFAC_SANCTIONED,sanctioned,ofac_sdn_tron
TNHNySUf8LMzhzSiQnHCXCbgatscQbM4ZQ,OFAC_SANCTIONED,sanctioned,ofac_sdn_tron
TNzvDTvcQTaY9jFrv85JnqibnGcudePj1z,OFAC_SANCTIONED,sanctioned,ofac_sdn_tron
TUcNB6c22JmcwXbbbuv9HVPeVqv5HSiTwQ,OFAC_SANCTIONED,sanctioned,ofac_sdn_tron
TVUS1CVQnnzoJG8PBWkcWyf7DkLrS8yh5Z,OFAC_SANCTIONED,sanctioned,ofac_sdn_tron
TXR1nhqAek4c5Dq9EfjQLarcBWR9Jp6N7m,OFAC_SANCTIONED,sanctioned,ofac_sdn_tron
TFS2LHNcrffdAVRHpDUpNvnmCHs78cSNbz,OFAC_SANCTIONED,sanctioned,ofac_sdn_tron
TPTFrDhx5tntyp5mRX423DaAe8aLDMUs31,OFAC_SANCTIONED,sanctioned,ofac_sdn_tron
TCn9wM828B1GtsVn8kUaCvoE3RpfCAmtEB,OFAC_SANCTIONED,sanctioned,ofac_sdn_tron
TFtz6Ae6NNo9VvhnVrj6V1RyEFMtZQMh3r,OFAC_SANCTIONED,sanctioned,ofac_sdn_tron
TMoMat6oyJLKxSb6SfQWBWc7q5PSm3Gr6U,OFAC_SANCTIONED,sanctioned,ofac_sdn_tron
TNsMJKvAtqiWntAnrcS8jkugL37FGzoqss,OFAC_SANCTIONED,sanctioned,ofac_sdn_tron
TPCnxv28xNbvtAaEppddvnfkjQpaFeAkV3,OFAC_SANCTIONED,sanctioned,ofac_sdn_tron
TDXBEozXRJy7eBYNCoqrDMRCx5QBN4jCCt,OFAC_SANCTIONED,sanctioned,ofac_sdn_tron
TTrJwfL8SCSWBXWAPcZV8Pd5fZf1rznRhz,OFAC_SANCTIONED,sanctioned,ofac_sdn_tron
TFqo5f16FJfSKesPxtGN4VN5HNZJebqMQX,OFAC_SANCTIONED,sanctioned,ofac_sdn_tron
TPwjq8YuABThppKM5ppsuagBFwDhzpnY11,OFAC_SANCTIONED,sanctioned,ofac_sdn_tron
TXgm2Pej4dHzh6oAJvaxAVFDevgGJqfSKr,OFAC_SANCTIONED,sanctioned,ofac_sdn_tron
TUErmQ9GtRDGC4g4L5wjWS55Ju5hYfR3sa,OFAC_SANCTIONED,sanctioned,ofac_sdn_tron
THPfLwEGvHVgRzi7EMnviAFy5WG1feDH1p,OFAC_SANCTIONED,sanctioned,ofac_sdn_tron
TPH1ehJuNY8cRuJgWTXoGuzkVpK5ckueLF,OFAC_SANCTIONED,sanctioned,ofac_sdn_tron
TRZvMk2D4fmjGjtuZHRVpgw6yjk8NcjsHV,OFAC_SANCTIONED,sanctioned,ofac_sdn_tron
TMuBvwcgrTj6JysMmutXWaPjk1kREK2BDe,OFAC_SANCTIONED,sanctioned,ofac_sdn_tron
TE5paMkU1hPr8BdjkSJLvEyUBxjKKSx1H6,OFAC_SANCTIONED,sanctioned,ofac_sdn_tron
TBmqXsFNYTMkyw9jVGBAecGaLyLwbxFTM1,OFAC_SANCTIONED,sanctioned,ofac_sdn_tron
TFh7Z4qmdiT7opAYYLmNVXQJtVCkAtg7Zh,OFAC_SANCTIONED,sanctioned,ofac_sdn_tron
TLFqEhiG7RUSZ9x5iph99Ke5782dkgRnWf,OFAC_SANCTIONED,sanctioned,ofac_sdn_tron
TAbbVaBKgH4VBLXgWqACuwoKF4cH1HinQh,OFAC_SANCTIONED,sanctioned,ofac_sdn_tron
TEsxMcVocweTM82Mdmc5diKC6qyCWqSpPv,OFAC_SANCTIONED,sanctioned,ofac_sdn_tron
TFwjPScaJRCbSWVAywE1S1WgaUgSnyYUbD,OFAC_SANCTIONED,sanctioned,ofac_sdn_tron
TJkBr9TZ1xBeJoF7RNWqyEMbYqVJ6fXXHR,OFAC_SANCTIONED,sanctioned,ofac_sdn_tron
TNDjh6WGLYyWmkh8vfu42bXVHUqFNQ3rDq,OFAC_SANCTIONED,sanctioned,ofac_sdn_tron
TGXE9dGWawjfd3xqFSho1h1bRbRv9wUGrF,OFAC_SANCTIONED,sanctioned,ofac_sdn_tron
TPDLpXxPcaSsupEZ3yrVksmNkYP5SLeKxu,OFAC_SANCTIONED,sanctioned,ofac_sdn_tron
TNTFhgFoKH4srBMiWbfrVFqP2AThSmdwf1,OFAC_SANCTIONED,sanctioned,ofac_sdn_tron
TXhf9nU9bjo1j9z5qEesHdr6gtdndfnA4T,OFAC_SANCTIONED,sanctioned,ofac_sdn_tron
TK17wfSPp32RWrnzZPrGpv7TxdNFvvvE2s,OFAC_SANCTIONED,sanctioned,ofac_sdn_tron
TYeQD2VddTZ9NkFkAnT9DD8cUGetGUQZB2,OFAC_SANCTIONED,sanctioned,ofac_sdn_tron
TBHTJqAy4DhHhmT3dNceJYNRz4SdLofLre,OFAC_SANCTIONED,sanctioned,ofac_sdn_tron
TMStbg5fgb4uTV7fK1gEYF9hKAzP3siPsG,OFAC_SANCTIONED,sanctioned,ofac_sdn_tron
TTKnV2S1295UrPr7N67Tp9ykNL7xX2Z4Uj,OFAC_SANCTIONED,sanctioned,ofac_sdn_tron
TRBACioxdrdsYEZHvJWiUDZcMdBPpEe5Ub,OFAC_SANCTIONED,sanctioned,ofac_sdn_tron
TFdTr9C3BqQrzKBXqSxJfAZFTh8UwBAfSg,OFAC_SANCTIONED,sanctioned,ofac_sdn_tron
TTUDyVhhpCC1xJoPmWzdjLAzeoPwbSABdr,OFAC_SANCTIONED,sanctioned,ofac_sdn_tron
TNmRfnSUXZoWWzxcDDbf95eGQYXt1mJDt8,OFAC_SANCTIONED,sanctioned,ofac_sdn_tron
TU4tDFRvcKhAZ1jdihojmBWZqvJhQCnJ4F,OFAC_SANCTIONED,sanctioned,ofac_sdn_tron
TL1k1U6SHohxBqb68kCodxHc9y2LXoDSep,OFAC_SANCTIONED,sanctioned,ofac_sdn_tron
TNZxGWCwvsHr6JxQxzoeDXV597Yf7Zb7nV,OFAC_SANCTIONED,sanctioned,ofac_sdn_tron
TC8axQvzJEVR3NKN6mZnJtGy7537GEmh38,OFAC_SANCTIONED,sanctioned,ofac_sdn_tron
TEcuHDQthTmULe8fFLUccBPpjfXaTmJuuD,OFAC_SANCTIONED,sanctioned,ofac_sdn_tron
TAYhjpL8pPs8T84FSM329nffQpc6jD8GBM,OFAC_SANCTIONED,sanctioned,ofac_sdn_tron
TMuCgBejD5RsNANZdjGtaM3YyKGNgDoy7N,OFAC_SANCTIONED,sanctioned,ofac_sdn_tron
TGckaiamj5NzaYx6Qp6Zu7kahuHArzUo99,OFAC_SANCTIONED,sanctioned,ofac_sdn_tron
TCFD8N3vM5b4Gr5f1kkajQsodRVNyyAq1d,OFAC_SANCTIONED,sanctioned,ofac_sdn_tron
TDFtJtyLPgN3oWUoHh23oJox3T5V5nR11K,OFAC_SANCTIONED,sanctioned,ofac_sdn_tron
TSxAAo67VTDgKT537EVXxdogkJtk9c6ojz,OFAC_SANCTIONED,sanctioned,ofac_sdn_tron
TYDUutYN4YLKUPeT7TG27Yyqw6kNVLq9QZ,OFAC_SANCTIONED,sanctioned,ofac_sdn_tron
TRakpsE1mZjCUMNPyozR4BW2ZtJsF7ZWFN,OFAC_SANCTIONED,sanctioned,ofac_sdn_tron
TQ5H49Wz3K57zNHmuXVp6uLzFwitxviABs,OFAC_SANCTIONED,sanctioned,ofac_sdn_tron
TAoLw5yD5XUoHWeBZRSZ1ExK9HMv2CiPvP,OFAC_SANCTIONED,sanctioned,ofac_sdn_tron
TVNyvx2astt2AB1Us67ENjfMZeEXZeiuu6,OFAC_SANCTIONED,sanctioned,ofac_sdn_tron
TPJ1JNX98MJpHueBJeF5SVSg85z8mYg1P1,OFAC_SANCTIONED,sanctioned,ofac_sdn_tron
TCu5onCzXuqxjvVzdB2tR4FLuF66d4yRqf,OFAC_SANCTIONED,sanctioned,ofac_sdn_tron
TBcLqqqyZjNj1ptuXFgj5H768NhNU5nDyn,OFAC_SANCTIONED,sanctioned,ofac_sdn_tron
TCA9vmjsYw9MtPKEwRBtGhKFRfr4CLxJAv,OFAC_SANCTIONED,sanctioned,ofac_sdn_tron
TGsNFrgWfbGN2gX25Wcf8oTejtxtQkvmEx,OFAC_SANCTIONED,sanctioned,ofac_sdn_tron
TASWbk6X1wiTku5TMmMQYqYFvshVEtfJy8,OFAC_SANCTIONED,sanctioned,ofac_sdn_tron
TTS9o5KkpGgH8cK9LofLmMAPYb5zfQvSNa,OFAC_SANCTIONED,sanctioned,ofac_sdn_tron
TCzq6m2zxnQkrZrf8cqYcK6bbXQYAfWYKC,OFAC_SANCTIONED,sanctioned,ofac_sdn_tron
TLvuvpfBKdxddxSsJefeiGCe9eVY8HUroE,OFAC_SANCTIONED,sanctioned,ofac_sdn_tron
TNuA5CQ6LB4jTHoNrjEeQZJmcmhQuHMbQ7,OFAC_SANCTIONED,sanctioned,ofac_sdn_tron
TNrX2FwrHKoo4XACGkmSzqeK4pdnKYn6Z7,OFAC_SANCTIONED,sanctioned,ofac_sdn_tron
TEEYCuGDyeNkuDj4u6GQRXxXo3Nh29r2vP,OFAC_SANCTIONED,sanctioned,ofac_sdn_tron
TZB4NrX7k9ZsV6PRc1GigAztLL8WHpLvwP,OFAC_SANCTIONED,sanctioned,ofac_sdn_tron
TDe2UNAvuUnTbbDo7518eMe3TXN5qJW8Ft,OFAC_SANCTIONED,sanctioned,ofac_sdn_tron
TP3kVtnFgDSoSqzw178nLJtGWNjrbKNgB6,OFAC_SANCTIONED,sanctioned,ofac_sdn_tron
TXR4FDAZZLDSvuRxveW9aBMybbaS12WWHk,OFAC_SANCTIONED,sanctioned,ofac_sdn_tron
TBXMiRqUp1XH1zLazWu8cWitMAScv4HsYq,OFAC_SANCTIONED,sanctioned,ofac_sdn_tron
TDFj8tYzfLDkwEMo4MJ2DfrbpMztuCCnan,OFAC_SANCTIONED,sanctioned,ofac_sdn_tron
TUuaxBAWfA5nmsqNfycxYrzEvz4a5GJMGY,OFAC_SANCTIONED,sanctioned,ofac_sdn_tron
TTLRNgLpz5H5tLPuNU4FViUs7zmmAtyvzW,OFAC_SANCTIONED,sanctioned,ofac_sdn_tron
TBFW9gF4oDX5cG44gS7AoxQeujScmm3z6h,OFAC_SANCTIONED,sanctioned,ofac_sdn_tron
TPyE2oSoaysrXfLzwf9wetBVr9JudLwjtD,OFAC_SANCTIONED,sanctioned,ofac_sdn_tron
TVgUsVzA7mpFExP4zS7HHbtKti6UuBDuwZ,OFAC_SANCTIONED,sanctioned,ofac_sdn_tron
TLoG3vbjDgqmTD5bM7w9rMgA6ysaNReuRy,OFAC_SANCTIONED,sanctioned,ofac_sdn_tron
TAhHpxPRwo1Bmm1A9m51uZ31tcB7EPq7SY,OFAC_SANCTIONED,sanctioned,ofac_sdn_tron
TScXZTbDjjZ6a6jiC7dZjgCqfNo4vm7atV,OFAC_SANCTIONED,sanctioned,ofac_sdn_tron
TGr2i8ZQiiMRjP3mWyQUH2MQBfKu8GJNqm,OFAC_SANCTIONED,sanctioned,ofac_sdn_tron
THJUJFyTnrBWb1ijWav7qfRBrjUuKgP49Z,OFAC_SANCTIONED,sanctioned,ofac_sdn_tron
TTVJuXWCusAURrpNShiypauagEH1N4CrxV,OFAC_SANCTIONED,sanctioned,ofac_sdn_tron
TPgxjjB6AJeMSQFngbUM6dMMxPHa9GEtYa,OFAC_SANCTIONED,sanctioned,ofac_sdn_tron
TXN3hVukebhyYR31YPCYd7aJAvmUeXu1ab,OFAC_SANCTIONED,sanctioned,ofac_sdn_tron
